https://www.nba.com/bulls/roster,Team Roster
https://www.nba.com/stats/team/1610612741/traditional/,Stats
https://www.nba.com/bulls/leaders,Team Leaders
https://www.nba.com/bulls/chicago-bulls-staff-directory,Staff Directory
https://www.nba.com/bulls/career-opportunities,Career Opportunities
https://am.ticketmaster.com/bulls/?wt.mc_id=NBA_TEAM_CHI_AM_PAGE&_ga=2.52805288.1618705923.1655777842-2053900119.1655777842,Click Tix
https://www.nba.com/bulls/schedule,Schedule
https://www.nba.com/bulls/tickets/seasons,Season Tickets
https://www.nba.com/bulls/tickets/single,Single Tickets
https://www.nba.com/bulls/tickets/groups,Group Tickets
https://www.nba.com/bulls/tickets/family-ticket-packs,Family Ticket Packs
https://www.nba.com/bulls/tickets/student-pass,Student Pass
https://cdn.nba.com/teams/uploads/sites/1610612741/2023/08/Bulls_2324_Schedule_230817.pdf,Print Schedule
https://windycity.gleague.nba.com/tickets/,Windy City
https://shop.bulls.com/collections/jerseys,Jerseys
https://shop.bulls.com/collections/hats,Hats
https://shop.bulls.com/collections/mens-apparel,Men's
https://shop.bulls.com/collections/womens-apparel,Women's
https://shop.bulls.com/collections/youth-shirts,Kids
http://www.madhouseteamstore.com/,Madhouse Team Store
https://www.nba.com/bulls/community/fan-experiences,Scoreboard Messages
https://chicagobullsraffle.5050central.com/,50/50 Raffle
https://www.nba.com/bulls/partners/athletico-rebound-of-the-game,Athletico Rebound of the Game
https://chibullsdigital.com/community/docs/CR_Annual_Report22_WEB.pdf,Annual Report
http://www.unitedcenter.com/venue/seating-charts/,Seating Charts
http://www.unitedcenter.com/venue/directions-parking/,Directions / Parking
http://www.unitedcenter.com/venue/rideshare/,Rideshare
http://www.unitedcenter.com/venue/dining/,Dining/Catering
https://www.nba.com/bulls/sam-smith,Sam Smith
https://www.nba.com/bulls/chuck-checks-in,Chuck Checks In
https://www.nba.com/bulls/partner-news,Partner News
https://www.nba.com/bulls/injury-report,Injury Report
https://www.nba.com/bulls/game-notes,Game Notes
https://chibullsdigital.com/mediaGuide/2022_ChicagoBulls_MG_NBA_HI.pdf,2022?23 Media Guide
https://www.facebook.com/chicagobulls,
https://twitter.com/chicagobulls,
https://www.instagram.com/chicagobulls/,
https://www.youtube.com/chicagobulls,
https://www.tiktok.com/@chicagobulls,
https://www.nba.com/privacy-policy,Privacy Policy
https://www.nba.com/termsofuse,Terms of Use
https://support.watch.nba.com/hc/en-us,Customer Support
https://www.nba.com/accessibility,Accessibility and Closed Captions
https://www.nba.com/cookiepolicy,Cookie Policy
https://www.nba.com/eeaukprivacy,EEA/UK Privacy Statement
https://www.nba.com/brazilprivacy,Brazil Privacy Statement
https://www.nba.com/caprivacy,California Consumer Privacy Statement
https://www.nba.com/coprivacy,Colorado Consumer Privacy Statement
https://www.nba.com/accessibility,Accessibility page.
